"segment","section","dashboard_name","match_status","score","picked","entity","scenario","view","account","flow","origin","cons","ud1","ud2","ud3","ud4","ud5","ud6","ud7","ud8","candidate_count"
"th-cus","kpi","SST","MATCHED","120","rollup(TH C&US)","RestaurantBrandsIntlMNGT","Actual","YTD","ReportedSystemCompTrafficCY","Top","Top","Aggregated","Top","Top","TH C&US","FPA_Reporting","Top","Top","Top","Top","42"
"th-cus","kpi","SSS","MATCHED","120","rollup(TH C&US)","RestaurantBrandsIntlMNGT","Actual","YTD","ReportedSystemCompSalesCY","Top","Top","Aggregated","Top","Top","TH C&US","FPA_Reporting","Top","Top","Top","Top","42"
"th-cus","kpi","NRG","MATCHED","120","rollup(TH C&US)","RestaurantBrandsIntlMNGT","Actual","YTD","SystemNRG","Top","Top","Aggregated","Top","Top","TH C&US","FPA_Reporting","Top","StoreTypes_Reporting","Top","Top","42"
"th-cus","kpi","Unit %","CALCULATED","0","(derived: Unit %)","","","","","","","","","","","","","","","","0"
"th-cus","kpi","SWSG","CALCULATED","0","(derived: SWSG)","","","","","","","","","","","","","","","","0"
"th-cus","kpi","Segment AOI","MATCHED","100","Services AOI - AOI - LOB_Services_FPA","RestaurantBrandsIntlMNGT","Budget","YTD","AOI","Top","Top","Aggregated","LOB_Services_FPA","Top","TH C&US","FPA_Reporting","Top","Top","Top","Top","841"
"th-cus","kpi","AOIG","CALCULATED","0","(derived: AOIG)","","","","","","","","","","","","","","","","0"
"th-cus","kpiDetails","SST","MATCHED","120","rollup(TH C&US)","RestaurantBrandsIntlMNGT","Actual","YTD","ReportedSystemCompTrafficCY","Top","Top","Aggregated","Top","Top","TH C&US","FPA_Reporting","Top","Top","Top","Top","42"
"th-cus","kpiDetails","SSS","MATCHED","120","rollup(TH C&US)","RestaurantBrandsIntlMNGT","Actual","YTD","ReportedSystemCompSalesCY","Top","Top","Aggregated","Top","Top","TH C&US","FPA_Reporting","Top","Top","Top","Top","42"
"th-cus","kpiDetails","NRG","MATCHED","120","rollup(TH C&US)","RestaurantBrandsIntlMNGT","Actual","YTD","SystemNRG","Top","Top","Aggregated","Top","Top","TH C&US","FPA_Reporting","Top","StoreTypes_Reporting","Top","Top","42"
"th-cus","kpiDetails","Unit %","CALCULATED","0","(derived: Unit %)","","","","","","","","","","","","","","","","0"
"th-cus","kpiDetails","SWSG","CALCULATED","0","(derived: SWSG)","","","","","","","","","","","","","","","","0"
"th-cus","kpiDetails","Segment AOI","MATCHED","100","Services AOI - AOI - LOB_Services_FPA","RestaurantBrandsIntlMNGT","Budget","YTD","AOI","Top","Top","Aggregated","LOB_Services_FPA","Top","TH C&US","FPA_Reporting","Top","Top","Top","Top","841"
"th-cus","kpiDetails","AOIG","CALCULATED","0","(derived: AOIG)","","","","","","","","","","","","","","","","0"
"th-cus","flowthrough","FZ Sales","MATCHED","134","FZ Sales - TotalFzAndOASales - Franchise_FPA","RestaurantBrandsIntlMNGT","Act_PY1_Actrate","YTD","TotalFzAndOASales","Top","Top","Aggregated","Franchise_FPA","Top","TH C&US","FPA_Reporting","Top","Top","Top","Top","203"
"th-cus","flowthrough","Royalty Rate %","MATCHED","64","TH C&US - Brand Adjusted EBITDA - LOB_TotalEBITDA_FPA","RestaurantBrandsIntlMNGT","Actual","YTD","Brand Adjusted EBITDA","Top","Top","Aggregated","LOB_TotalEBITDA_FPA","Top","TH C&US","FPA_Reporting","Top","Top","Top","Top","172"
"th-cus","flowthrough","Royalties","MATCHED","134","Royalties - RoyaltiesNet - Franchise_FPA","RestaurantBrandsIntlMNGT","Act_PY1_Actrate","YTD","RoyaltiesNet","Top","Top","Aggregated","Franchise_FPA","Top","TH C&US","FPA_Reporting","Top","Top","Top","Top","203"
"th-cus","flowthrough","FZ & Other Fees","MATCHED","64","TH C&US - Brand Adjusted EBITDA - LOB_TotalEBITDA_FPA","RestaurantBrandsIntlMNGT","Actual","YTD","Brand Adjusted EBITDA","Top","Top","Aggregated","LOB_TotalEBITDA_FPA","Top","TH C&US","FPA_Reporting","Top","Top","Top","Top","172"
"th-cus","flowthrough","FZ Bad Debt","MATCHED","134","FZ Bad Debt - BadDebt_FPA - Franchise_FPA","RestaurantBrandsIntlMNGT","Act_PY1_Actrate","YTD","BadDebt_FPA","Top","Top","Aggregated","Franchise_FPA","Top","TH C&US","FPA_Reporting","Top","Top","Top","Top","203"
"th-cus","flowthrough","Property","MATCHED","74","Property AOI - AOI - Property_FPA","RestaurantBrandsIntlMNGT","Act_PY1_Actrate","YTD","AOI","Top","Top","Aggregated","Property_FPA","Top","TH C&US","FPA_Reporting","Top","Top","Top","Top","203"
"th-cus","flowthrough","Ad Fund","MATCHED","74","Ad Fund AOI - AOI - LOB_MAA_FPA","RestaurantBrandsIntlMNGT","Act_PY1_Actrate","YTD","AOI","Top","Top","Aggregated","LOB_MAA_FPA","Top","TH C&US","FPA_Reporting","Top","Top","Top","Top","203"
"th-cus","flowthrough","Company","MATCHED","74","Company Ad AOI - AOI - LOB_Company_Advertising","RestaurantBrandsIntlMNGT_CAD","Budget","Periodic","AOI","Top","Top","Aggregated","LOB_Company_Advertising","Top","TH C&US","FPA_Reporting","Top","Top","Top","Top","250"
"th-cus","flowthrough","CPG","MATCHED","134","rollup(TH C&US)","RestaurantBrandsIntlMNGT","Actual","YTD","AOI","Top","Top","Aggregated","LOB_TotalEBITDA_FPA","Top","TH C&US","FPA_Reporting","Top","Top","Top","Top","265"
"th-cus","flowthrough","Supply Chain","MATCHED","134","rollup(TH C&US)","RestaurantBrandsIntlMNGT","Fcst_0210_Planrate","Periodic","AOI","Top","Top","Aggregated","LOB_TotalEBITDA_FPA","Top","TH C&US","FPA_Reporting","Top","Top","Top","Top","250"
"th-cus","flowthrough","Other LOBs","MATCHED","64","TH C&US - Brand Adjusted EBITDA - LOB_TotalEBITDA_FPA","RestaurantBrandsIntlMNGT","Actual","YTD","Brand Adjusted EBITDA","Top","Top","Aggregated","LOB_TotalEBITDA_FPA","Top","TH C&US","FPA_Reporting","Top","Top","Top","Top","172"
"th-cus","flowthrough","Segment G&A","MATCHED","64","TH C&US - Brand Adjusted EBITDA - LOB_TotalEBITDA_FPA","RestaurantBrandsIntlMNGT","Actual","YTD","Brand Adjusted EBITDA","Top","Top","Aggregated","LOB_TotalEBITDA_FPA","Top","TH C&US","FPA_Reporting","Top","Top","Top","Top","172"
"th-cus","flowthrough","Other Corp","MATCHED","64","TH C&US - Brand Adjusted EBITDA - LOB_TotalEBITDA_FPA","RestaurantBrandsIntlMNGT","Actual","YTD","Brand Adjusted EBITDA","Top","Top","Aggregated","LOB_TotalEBITDA_FPA","Top","TH C&US","FPA_Reporting","Top","Top","Top","Top","172"
"th-cus","flowthrough","Total Flowthrough","MATCHED","64","TH C&US - Brand Adjusted EBITDA - LOB_TotalEBITDA_FPA","RestaurantBrandsIntlMNGT","Actual","YTD","Brand Adjusted EBITDA","Top","Top","Aggregated","LOB_TotalEBITDA_FPA","Top","TH C&US","FPA_Reporting","Top","Top","Top","Top","172"
"th-cus","flowthrough","AOI Growth","MATCHED","64","TH C&US - Brand Adjusted EBITDA - LOB_TotalEBITDA_FPA","RestaurantBrandsIntlMNGT","Actual","YTD","Brand Adjusted EBITDA","Top","Top","Aggregated","LOB_TotalEBITDA_FPA","Top","TH C&US","FPA_Reporting","Top","Top","Top","Top","172"
"th-cus","flowthrough","Check","MATCHED","64","TH C&US - Brand Adjusted EBITDA - LOB_TotalEBITDA_FPA","RestaurantBrandsIntlMNGT","Actual","YTD","Brand Adjusted EBITDA","Top","Top","Aggregated","LOB_TotalEBITDA_FPA","Top","TH C&US","FPA_Reporting","Top","Top","Top","Top","172"
"th-cus","pnl","FZ Sales","MATCHED","124","FZ Sales - TotalFzAndOASales - Franchise_FPA","RestaurantBrandsIntlMNGT","Act_PY1_Actrate","YTD","TotalFzAndOASales","Top","Top","Aggregated","Franchise_FPA","Top","TH C&US","FPA_Reporting","Top","Top","Top","Top","203"
"th-cus","pnl","Royalty Rate %","MATCHED","54","TH C&US - Brand Adjusted EBITDA - LOB_TotalEBITDA_FPA","RestaurantBrandsIntlMNGT","Actual","YTD","Brand Adjusted EBITDA","Top","Top","Aggregated","LOB_TotalEBITDA_FPA","Top","TH C&US","FPA_Reporting","Top","Top","Top","Top","172"
"th-cus","pnl","Royalties","MATCHED","124","Royalties - RoyaltiesNet - Franchise_FPA","RestaurantBrandsIntlMNGT","Act_PY1_Actrate","YTD","RoyaltiesNet","Top","Top","Aggregated","Franchise_FPA","Top","TH C&US","FPA_Reporting","Top","Top","Top","Top","203"
"th-cus","pnl","FZ & Successor Fees","MATCHED","54","TH C&US - Brand Adjusted EBITDA - LOB_TotalEBITDA_FPA","RestaurantBrandsIntlMNGT","Actual","YTD","Brand Adjusted EBITDA","Top","Top","Aggregated","LOB_TotalEBITDA_FPA","Top","TH C&US","FPA_Reporting","Top","Top","Top","Top","172"
"th-cus","pnl","Amortized Fees","MATCHED","124","Amortized Fees - Amortized Fees_FPA - Franchise_FPA","RestaurantBrandsIntlMNGT","Act_PY1_Actrate","YTD","Amortized Fees_FPA","Top","Top","Aggregated","Franchise_FPA","Top","TH C&US","FPA_Reporting","Top","Top","Top","Top","203"
"th-cus","pnl","Unamortized Fees","MATCHED","124","Unamortized Fees - Unamortized Fees_FPA - Franchise_FPA","RestaurantBrandsIntlMNGT","Act_PY1_Actrate","YTD","Unamortized Fees_FPA","Top","Top","Aggregated","Franchise_FPA","Top","TH C&US","FPA_Reporting","Top","Top","Top","Top","203"
"th-cus","pnl","Total Franchise Revenue","MATCHED","54","TH C&US - Brand Adjusted EBITDA - LOB_TotalEBITDA_FPA","RestaurantBrandsIntlMNGT","Actual","YTD","Brand Adjusted EBITDA","Top","Top","Aggregated","LOB_TotalEBITDA_FPA","Top","TH C&US","FPA_Reporting","Top","Top","Top","Top","172"
"th-cus","pnl","FZ Bad Debt","MATCHED","124","FZ Bad Debt - BadDebt_FPA - Franchise_FPA","RestaurantBrandsIntlMNGT","Act_PY1_Actrate","YTD","BadDebt_FPA","Top","Top","Aggregated","Franchise_FPA","Top","TH C&US","FPA_Reporting","Top","Top","Top","Top","203"
"th-cus","pnl","Other FZ Expense","MATCHED","124","Other FZ Expense - Other_Expenses_FPA - Franchise_FPA","RestaurantBrandsIntlMNGT","Act_PY1_Actrate","YTD","Other_Expenses_FPA","Top","Top","Aggregated","Franchise_FPA","Top","TH C&US","FPA_Reporting","Top","Top","Top","Top","203"
"th-cus","pnl","Franchise AOI","MATCHED","124","Franchise AOI - AOI - Franchise_FPA","RestaurantBrandsIntlMNGT","Act_PY1_Actrate","YTD","AOI","Top","Top","Aggregated","Franchise_FPA","Top","TH C&US","FPA_Reporting","Top","Top","Top","Top","203"
"th-cus","pnl","Property AOI","MATCHED","124","Property AOI - AOI - Property_FPA","RestaurantBrandsIntlMNGT","Act_PY1_Actrate","YTD","AOI","Top","Top","Aggregated","Property_FPA","Top","TH C&US","FPA_Reporting","Top","Top","Top","Top","203"
"th-cus","pnl","Ad Fund AOI","MATCHED","124","Ad Fund AOI - AOI - LOB_MAA_FPA","RestaurantBrandsIntlMNGT","Act_PY1_Actrate","YTD","AOI","Top","Top","Aggregated","LOB_MAA_FPA","Top","TH C&US","FPA_Reporting","Top","Top","Top","Top","203"
"th-cus","pnl","Company AOI","MATCHED","124","Company AOI - AOI - Company","RestaurantBrandsIntlMNGT","Act_PY1_Actrate","YTD","AOI","Top","Top","Aggregated","Company","Top","TH C&US","FPA_Reporting","Top","Top","Top","Top","203"
"th-cus","pnl","Equipment AOI","MATCHED","124","Equipment AOI - AOI - EquipmentLOB_FPA","RestaurantBrandsIntlMNGT","Act_PY1_Actrate","YTD","AOI","Top","Top","Aggregated","EquipmentLOB_FPA","Top","TH C&US","FPA_Reporting","Top","Top","Top","Top","203"
"th-cus","pnl","VIE AOI","MATCHED","124","VIE AOI - AOI - VIE","RestaurantBrandsIntlMNGT_CAD","Act_PY1_Actrate","YTD","AOI","Top","Top","Aggregated","VIE","Top","TH C&US","FPA_Reporting","Top","Top","Top","Top","203"
"th-cus","pnl","CPG AOI","MATCHED","124","CPG AOI - AOI - RetailLOB_FPA","RestaurantBrandsIntlMNGT","Actual","YTD","AOI","Top","Top","Aggregated","RetailLOB_FPA","Top","TH C&US","FPA_Reporting","Top","Top","Top","Top","234"
"th-cus","pnl","Supply Chain AOI","MATCHED","124","Supply Chain AOI - AOI - LOB_SupplyChain","RestaurantBrandsIntlMNGT","Actual","YTD","AOI","Top","Top","Aggregated","LOB_SupplyChain","Top","TH C&US","FPA_Reporting","Top","Top","Top","Top","234"
"th-cus","pnl","Services AOI","MATCHED","124","Services AOI - AOI - LOB_Services_FPA","RestaurantBrandsIntlMNGT","Actual","YTD","AOI","Top","Top","Aggregated","LOB_Services_FPA","Top","TH C&US","FPA_Reporting","Top","Top","Top","Top","234"
"th-cus","pnl","Segment G&A","MATCHED","54","TH C&US - Brand Adjusted EBITDA - LOB_TotalEBITDA_FPA","RestaurantBrandsIntlMNGT","Actual","YTD","Brand Adjusted EBITDA","Top","Top","Aggregated","LOB_TotalEBITDA_FPA","Top","TH C&US","FPA_Reporting","Top","Top","Top","Top","172"
"th-cus","pnl","Other Corp","MATCHED","54","TH C&US - Brand Adjusted EBITDA - LOB_TotalEBITDA_FPA","RestaurantBrandsIntlMNGT","Actual","YTD","Brand Adjusted EBITDA","Top","Top","Aggregated","LOB_TotalEBITDA_FPA","Top","TH C&US","FPA_Reporting","Top","Top","Top","Top","172"
"th-cus","pnl","Total AOI","MATCHED","54","TH C&US - Brand Adjusted EBITDA - LOB_TotalEBITDA_FPA","RestaurantBrandsIntlMNGT","Actual","YTD","Brand Adjusted EBITDA","Top","Top","Aggregated","LOB_TotalEBITDA_FPA","Top","TH C&US","FPA_Reporting","Top","Top","Top","Top","172"
"bk-usc","kpi","SST","MATCHED","120","rollup(BK USC)","RestaurantBrandsIntlMNGT","Forecast_02_10","YTD","ReportedSystemCompTrafficCY","Top","Top","Aggregated","Top","Top","BK USC","FPA_Reporting","Top","Top","Top","Top","60"
"bk-usc","kpi","SSS","MATCHED","120","rollup(BK USC)","RestaurantBrandsIntlMNGT","Forecast_02_10","YTD","ReportedSystemCompSalesCY","Top","Top","Aggregated","Top","Top","BK USC","FPA_Reporting","Top","Top","Top","Top","60"
"bk-usc","kpi","NRG","MATCHED","120","BK US - SystemNRG","RestaurantBrandsIntlMNGT","Forecast_02_10","YTD","SystemNRG","Top","Top","Aggregated","Top","Top","BK US","FPA_Reporting","Top","StoreTypes_Reporting","Top","Top","60"
"bk-usc","kpi","Unit %","CALCULATED","0","(derived: Unit %)","","","","","","","","","","","","","","","","0"
"bk-usc","kpi","SWSG","CALCULATED","0","(derived: SWSG)","","","","","","","","","","","","","","","","0"
"bk-usc","kpi","Segment AOI","MATCHED","100","Brand Entity in Corp UD3 - AOI - CorporateLOB_FPA","RestaurantBrandsIntlMNGT","Actual","Periodic","AOI","Top","Top","Aggregated","CorporateLOB_FPA","Top","BK USC","FPA_Reporting","Top","Top","Top","Top","368"
"bk-usc","kpi","AOIG","CALCULATED","0","(derived: AOIG)","","","","","","","","","","","","","","","","0"
"bk-usc","kpiDetails","SST","MATCHED","120","rollup(BK USC)","RestaurantBrandsIntlMNGT","Forecast_02_10","YTD","ReportedSystemCompTrafficCY","Top","Top","Aggregated","Top","Top","BK USC","FPA_Reporting","Top","Top","Top","Top","60"
"bk-usc","kpiDetails","SSS","MATCHED","120","rollup(BK USC)","RestaurantBrandsIntlMNGT","Forecast_02_10","YTD","ReportedSystemCompSalesCY","Top","Top","Aggregated","Top","Top","BK USC","FPA_Reporting","Top","Top","Top","Top","60"
"bk-usc","kpiDetails","NRG","MATCHED","120","BK US - SystemNRG","RestaurantBrandsIntlMNGT","Forecast_02_10","YTD","SystemNRG","Top","Top","Aggregated","Top","Top","BK US","FPA_Reporting","Top","StoreTypes_Reporting","Top","Top","60"
"bk-usc","kpiDetails","Unit %","CALCULATED","0","(derived: Unit %)","","","","","","","","","","","","","","","","0"
"bk-usc","kpiDetails","SWSG","CALCULATED","0","(derived: SWSG)","","","","","","","","","","","","","","","","0"
"bk-usc","kpiDetails","Segment AOI","MATCHED","100","Brand Entity in Corp UD3 - AOI - CorporateLOB_FPA","RestaurantBrandsIntlMNGT","Actual","Periodic","AOI","Top","Top","Aggregated","CorporateLOB_FPA","Top","BK USC","FPA_Reporting","Top","Top","Top","Top","368"
"bk-usc","kpiDetails","AOIG","CALCULATED","0","(derived: AOIG)","","","","","","","","","","","","","","","","0"
"bk-usc","flowthrough","FZ Sales","MATCHED","134","FZ Sales - TotalFzAndOASales - Franchise_FPA","RestaurantBrandsIntlMNGT","Budget","YTD","TotalFzAndOASales","Top","Top","Aggregated","Franchise_FPA","Top","BK USC","FPA_Reporting","Top","Top","Top","Top","64"
"bk-usc","flowthrough","Royalty Rate %","MATCHED","64","BK USC - Out_of_Scope - CorporateLOB_FPA","RestaurantBrandsIntlMNGT","Budget","YTD","Out_of_Scope","Top","Top","Aggregated","CorporateLOB_FPA","Top","BK USC","FPA_Reporting","Top","Top","Top","Top","48"
"bk-usc","flowthrough","Royalties","MATCHED","134","Royalties - RoyaltiesNet - Franchise_FPA","RestaurantBrandsIntlMNGT","Budget","YTD","RoyaltiesNet","Top","Top","Aggregated","Franchise_FPA","Top","BK USC","FPA_Reporting","Top","Top","Top","Top","64"
"bk-usc","flowthrough","FZ & Other Fees","MATCHED","64","BK USC - Out_of_Scope - CorporateLOB_FPA","RestaurantBrandsIntlMNGT","Budget","YTD","Out_of_Scope","Top","Top","Aggregated","CorporateLOB_FPA","Top","BK USC","FPA_Reporting","Top","Top","Top","Top","48"
"bk-usc","flowthrough","FZ Bad Debt","MATCHED","134","FZ Bad Debt - BadDebt_FPA - Franchise_FPA","RestaurantBrandsIntlMNGT","Budget","YTD","BadDebt_FPA","Top","Top","Aggregated","Franchise_FPA","Top","BK USC","FPA_Reporting","Top","Top","Top","Top","64"
"bk-usc","flowthrough","Property","MATCHED","74","Property AOI - AOI - Property_FPA","RestaurantBrandsIntlMNGT","Budget","YTD","AOI","Top","Top","Aggregated","Property_FPA","Top","BK USC","FPA_Reporting","Top","Top","Top","Top","64"
"bk-usc","flowthrough","Ad Fund","MATCHED","74","Ad Fund AOI - AOI - LOB_MAA_FPA","RestaurantBrandsIntlMNGT","Budget","YTD","AOI","Top","Top","Aggregated","LOB_MAA_FPA","Top","BK USC","FPA_Reporting","Top","Top","Top","Top","64"
"bk-usc","flowthrough","Company","MATCHED","74","Company Ad AOI - AOI - LOB_Company_Advertising","RestaurantBrandsIntlMNGT","Budget","YTD","AOI","Top","Top","Aggregated","LOB_Company_Advertising","Top","BK USC","FPA_Reporting","Top","Top","Top","Top","96"
"bk-usc","flowthrough","Tech Fund","MATCHED","64","BK USC - Out_of_Scope - CorporateLOB_FPA","RestaurantBrandsIntlMNGT","Budget","YTD","Out_of_Scope","Top","Top","Aggregated","CorporateLOB_FPA","Top","BK USC","FPA_Reporting","Top","Top","Top","Top","48"
"bk-usc","flowthrough","Segment G&A","MATCHED","64","BK USC - Out_of_Scope - CorporateLOB_FPA","RestaurantBrandsIntlMNGT","Budget","YTD","Out_of_Scope","Top","Top","Aggregated","CorporateLOB_FPA","Top","BK USC","FPA_Reporting","Top","Top","Top","Top","48"
"bk-usc","flowthrough","Other Corp","MATCHED","64","BK USC - Out_of_Scope - CorporateLOB_FPA","RestaurantBrandsIntlMNGT","Budget","YTD","Out_of_Scope","Top","Top","Aggregated","CorporateLOB_FPA","Top","BK USC","FPA_Reporting","Top","Top","Top","Top","48"
"bk-usc","flowthrough","Total Flowthrough","MATCHED","64","BK USC - Out_of_Scope - CorporateLOB_FPA","RestaurantBrandsIntlMNGT","Budget","YTD","Out_of_Scope","Top","Top","Aggregated","CorporateLOB_FPA","Top","BK USC","FPA_Reporting","Top","Top","Top","Top","48"
"bk-usc","flowthrough","AOI Growth","MATCHED","64","BK USC - Out_of_Scope - CorporateLOB_FPA","RestaurantBrandsIntlMNGT","Budget","YTD","Out_of_Scope","Top","Top","Aggregated","CorporateLOB_FPA","Top","BK USC","FPA_Reporting","Top","Top","Top","Top","48"
"bk-usc","flowthrough","Check","MATCHED","64","BK USC - Out_of_Scope - CorporateLOB_FPA","RestaurantBrandsIntlMNGT","Budget","YTD","Out_of_Scope","Top","Top","Aggregated","CorporateLOB_FPA","Top","BK USC","FPA_Reporting","Top","Top","Top","Top","48"
"bk-usc","pnl","FZ Sales","MATCHED","154","FZ Sales - TotalFzAndOASales - Franchise_FPA","RestaurantBrandsIntlMNGT","Forecast_02_10","Periodic","TotalFzAndOASales","Top","Top","Aggregated","Franchise_FPA","Top","BK USC","FPA_Reporting","Top","Top","Top","Top","416"
"bk-usc","pnl","Royalty Rate %","MATCHED","59","Total Sales - TotalSales","RestaurantBrandsIntlMNGT","Act_PY_Planrate","Periodic","TotalSales","Top","Top","Aggregated","Top","Top","BK USC","FPA_Reporting","Top","Top","Top","Top","416"
"bk-usc","pnl","Royalties","MATCHED","154","Royalties - RoyaltiesNet - Franchise_FPA","RestaurantBrandsIntlMNGT","Budget","YTD","RoyaltiesNet","Top","Top","Aggregated","Franchise_FPA","Top","BK USC","FPA_Reporting","Top","Top","Top","Top","416"
"bk-usc","pnl","FZ & Successor Fees","MATCHED","59","Total Sales - TotalSales","RestaurantBrandsIntlMNGT","Act_PY_Planrate","Periodic","TotalSales","Top","Top","Aggregated","Top","Top","BK USC","FPA_Reporting","Top","Top","Top","Top","416"
"bk-usc","pnl","Amortized Fees","MATCHED","154","Amortized Fees - Amortized Fees_FPA - Franchise_FPA","RestaurantBrandsIntlMNGT","Forecast_02_10","Periodic","Amortized Fees_FPA","Top","Top","Aggregated","Franchise_FPA","Top","BK USC","FPA_Reporting","Top","Top","Top","Top","416"
"bk-usc","pnl","Unamortized Fees","MATCHED","154","Unamortized Fees - Unamortized Fees_FPA - Franchise_FPA","RestaurantBrandsIntlMNGT","Act_PY1_Actrate","Periodic","Unamortized Fees_FPA","Top","Top","Aggregated","Franchise_FPA","Top","BK USC","FPA_Reporting","Top","Top","Top","Top","416"
"bk-usc","pnl","Total Franchise Revenue","MATCHED","59","Total Sales - TotalSales","RestaurantBrandsIntlMNGT","Act_PY_Planrate","Periodic","TotalSales","Top","Top","Aggregated","Top","Top","BK USC","FPA_Reporting","Top","Top","Top","Top","416"
"bk-usc","pnl","FZ Bad Debt","MATCHED","154","FZ Bad Debt - BadDebt_FPA - Franchise_FPA","RestaurantBrandsIntlMNGT","Actual","YTD","BadDebt_FPA","Top","Top","Aggregated","Franchise_FPA","Top","BK USC","FPA_Reporting","Top","Top","Top","Top","416"
"bk-usc","pnl","Other FZ Expense","MATCHED","154","Other FZ Expense - Other_Expenses_FPA - Franchise_FPA","RestaurantBrandsIntlMNGT","Actual","YTD","Other_Expenses_FPA","Top","Top","Aggregated","Franchise_FPA","Top","BK USC","FPA_Reporting","Top","Top","Top","Top","416"
"bk-usc","pnl","Franchise AOI","MATCHED","154","Franchise AOI - AOI - Franchise_FPA","RestaurantBrandsIntlMNGT","Actual","YTD","AOI","Top","Top","Aggregated","Franchise_FPA","Top","BK USC","FPA_Reporting","Top","Top","Top","Top","416"
"bk-usc","pnl","Property AOI","MATCHED","154","Property AOI - AOI - Property_FPA","RestaurantBrandsIntlMNGT","Actual","YTD","AOI","Top","Top","Aggregated","Property_FPA","Top","BK USC","FPA_Reporting","Top","Top","Top","Top","416"
"bk-usc","pnl","Ad Fund AOI","MATCHED","154","Ad Fund AOI - AOI - LOB_MAA_FPA","RestaurantBrandsIntlMNGT","Actual","YTD","AOI","Top","Top","Aggregated","LOB_MAA_FPA","Top","BK USC","FPA_Reporting","Top","Top","Top","Top","416"
"bk-usc","pnl","Company AOI","MATCHED","154","Company AOI - AOI - Company","RestaurantBrandsIntlMNGT","Actual","YTD","AOI","Top","Top","Aggregated","Company","Top","BK USC","FPA_Reporting","Top","Top","Top","Top","416"
"bk-usc","pnl","Tech Fund AOI","MATCHED","59","Total Sales - TotalSales","RestaurantBrandsIntlMNGT","Act_PY_Planrate","Periodic","TotalSales","Top","Top","Aggregated","Top","Top","BK USC","FPA_Reporting","Top","Top","Top","Top","416"
"bk-usc","pnl","Segment G&A","MATCHED","59","Total Sales - TotalSales","RestaurantBrandsIntlMNGT","Act_PY_Planrate","Periodic","TotalSales","Top","Top","Aggregated","Top","Top","BK USC","FPA_Reporting","Top","Top","Top","Top","416"
"bk-usc","pnl","Other Corp","MATCHED","59","Total Sales - TotalSales","RestaurantBrandsIntlMNGT","Act_PY_Planrate","Periodic","TotalSales","Top","Top","Aggregated","Top","Top","BK USC","FPA_Reporting","Top","Top","Top","Top","416"
"bk-usc","pnl","Total AOI","MATCHED","59","Total Sales - TotalSales","RestaurantBrandsIntlMNGT","Act_PY_Planrate","Periodic","TotalSales","Top","Top","Aggregated","Top","Top","BK USC","FPA_Reporting","Top","Top","Top","Top","416"
"bk-usc","pnl","check","MATCHED","59","Total Sales - TotalSales","RestaurantBrandsIntlMNGT","Act_PY_Planrate","Periodic","TotalSales","Top","Top","Aggregated","Top","Top","BK USC","FPA_Reporting","Top","Top","Top","Top","416"
"plk-usc","kpi","SST","MATCHED","120","rollup(PLK USC)","RestaurantBrandsIntlMNGT","Forecast_02_10","YTD","ReportedSystemCompTrafficCY","Top","Top","Aggregated","Top","Top","PLK USC","FPA_Reporting","Top","Top","Top","Top","48"
"plk-usc","kpi","SSS","MATCHED","120","rollup(PLK USC)","RestaurantBrandsIntlMNGT","Forecast_02_10","YTD","ReportedSystemCompSalesCY","Top","Top","Aggregated","Top","Top","PLK USC","FPA_Reporting","Top","Top","Top","Top","48"
"plk-usc","kpi","NRG","MATCHED","120","rollup(PLK USC)","RestaurantBrandsIntlMNGT","Forecast_02_10","YTD","SystemNRG","Top","Top","Aggregated","Top","Top","PLK USC","FPA_Reporting","Top","StoreTypes_Reporting","Top","Top","48"
"plk-usc","kpi","Unit %","CALCULATED","0","(derived: Unit %)","","","","","","","","","","","","","","","","0"
"plk-usc","kpi","SWSG","CALCULATED","0","(derived: SWSG)","","","","","","","","","","","","","","","","0"
"plk-usc","kpi","Segment AOI","MATCHED","100","CPG Ad AOI - AOI - LOB_CPG_Advertising","RestaurantBrandsIntlMNGT","Act_PY_Planrate","YTD","AOI","Top","Top","Aggregated","LOB_CPG_Advertising","Top","PLK USC","FPA_Reporting","Top","Top","Top","Top","656"
"plk-usc","kpi","AOIG","CALCULATED","0","(derived: AOIG)","","","","","","","","","","","","","","","","0"
"plk-usc","kpiDetails","SST","MATCHED","120","rollup(PLK USC)","RestaurantBrandsIntlMNGT","Forecast_02_10","YTD","ReportedSystemCompTrafficCY","Top","Top","Aggregated","Top","Top","PLK USC","FPA_Reporting","Top","Top","Top","Top","48"
"plk-usc","kpiDetails","SSS","MATCHED","120","rollup(PLK USC)","RestaurantBrandsIntlMNGT","Forecast_02_10","YTD","ReportedSystemCompSalesCY","Top","Top","Aggregated","Top","Top","PLK USC","FPA_Reporting","Top","Top","Top","Top","48"
"plk-usc","kpiDetails","NRG","MATCHED","120","rollup(PLK USC)","RestaurantBrandsIntlMNGT","Forecast_02_10","YTD","SystemNRG","Top","Top","Aggregated","Top","Top","PLK USC","FPA_Reporting","Top","StoreTypes_Reporting","Top","Top","48"
"plk-usc","kpiDetails","Unit %","CALCULATED","0","(derived: Unit %)","","","","","","","","","","","","","","","","0"
"plk-usc","kpiDetails","SWSG","CALCULATED","0","(derived: SWSG)","","","","","","","","","","","","","","","","0"
"plk-usc","kpiDetails","Segment AOI","MATCHED","100","CPG Ad AOI - AOI - LOB_CPG_Advertising","RestaurantBrandsIntlMNGT","Act_PY_Planrate","YTD","AOI","Top","Top","Aggregated","LOB_CPG_Advertising","Top","PLK USC","FPA_Reporting","Top","Top","Top","Top","656"
"plk-usc","kpiDetails","AOIG","CALCULATED","0","(derived: AOIG)","","","","","","","","","","","","","","","","0"
"plk-usc","flowthrough","FZ Sales","MATCHED","134","FZ Sales - TotalFzAndOASales - Franchise_FPA","RestaurantBrandsIntlMNGT","Act_Planrate","YTD","TotalFzAndOASales","Top","Top","Aggregated","Franchise_FPA","Top","PLK USC","FPA_Reporting","Top","Top","Top","Top","432"
"plk-usc","flowthrough","Royalty Rate %","MATCHED","69","PLK USC - TotalSales","RestaurantBrandsIntlMNGT","Act_PY_Planrate","Periodic","TotalSales","Top","Top","Aggregated","Top","Top","PLK USC","FPA_Reporting","Top","Top","Top","Top","416"
"plk-usc","flowthrough","Royalties","MATCHED","134","Royalties - RoyaltiesNet - Franchise_FPA","RestaurantBrandsIntlMNGT","Act_Planrate","YTD","RoyaltiesNet","Top","Top","Aggregated","Franchise_FPA","Top","PLK USC","FPA_Reporting","Top","Top","Top","Top","432"
"plk-usc","flowthrough","FZ & Other Fees","MATCHED","69","PLK USC - TotalSales","RestaurantBrandsIntlMNGT","Act_PY_Planrate","Periodic","TotalSales","Top","Top","Aggregated","Top","Top","PLK USC","FPA_Reporting","Top","Top","Top","Top","416"
"plk-usc","flowthrough","FZ Bad Debt","MATCHED","134","FZ Bad Debt - BadDebt_FPA - Franchise_FPA","RestaurantBrandsIntlMNGT","Act_Planrate","YTD","BadDebt_FPA","Top","Top","Aggregated","Franchise_FPA","Top","PLK USC","FPA_Reporting","Top","Top","Top","Top","432"
"plk-usc","flowthrough","Property","MATCHED","74","Property AOI - AOI - Property_FPA","RestaurantBrandsIntlMNGT","Act_Planrate","YTD","AOI","Top","Top","Aggregated","Property_FPA","Top","PLK USC","FPA_Reporting","Top","Top","Top","Top","432"
"plk-usc","flowthrough","Ad Fund","MATCHED","74","Ad Fund AOI - AOI - LOB_MAA_FPA","RestaurantBrandsIntlMNGT","Act_Planrate","YTD","AOI","Top","Top","Aggregated","LOB_MAA_FPA","Top","PLK USC","FPA_Reporting","Top","Top","Top","Top","432"
"plk-usc","flowthrough","Company","MATCHED","74","Company Ad AOI - AOI - LOB_Company_Advertising","RestaurantBrandsIntlMNGT","Act_PY1_Actrate","Periodic","AOI","Top","Top","Aggregated","LOB_Company_Advertising","Top","PLK USC","FPA_Reporting","Top","Top","Top","Top","464"
"plk-usc","flowthrough","Retail","MATCHED","69","PLK USC - TotalSales","RestaurantBrandsIntlMNGT","Act_PY_Planrate","Periodic","TotalSales","Top","Top","Aggregated","Top","Top","PLK USC","FPA_Reporting","Top","Top","Top","Top","416"
"plk-usc","flowthrough","Segment G&A","MATCHED","69","PLK USC - TotalSales","RestaurantBrandsIntlMNGT","Act_PY_Planrate","Periodic","TotalSales","Top","Top","Aggregated","Top","Top","PLK USC","FPA_Reporting","Top","Top","Top","Top","416"
"plk-usc","flowthrough","Other Corp","MATCHED","69","PLK USC - TotalSales","RestaurantBrandsIntlMNGT","Act_PY_Planrate","Periodic","TotalSales","Top","Top","Aggregated","Top","Top","PLK USC","FPA_Reporting","Top","Top","Top","Top","416"
"plk-usc","flowthrough","Total Flowthrough","MATCHED","69","PLK USC - TotalSales","RestaurantBrandsIntlMNGT","Act_PY_Planrate","Periodic","TotalSales","Top","Top","Aggregated","Top","Top","PLK USC","FPA_Reporting","Top","Top","Top","Top","416"
"plk-usc","flowthrough","AOI Growth","MATCHED","69","PLK USC - TotalSales","RestaurantBrandsIntlMNGT","Act_PY_Planrate","Periodic","TotalSales","Top","Top","Aggregated","Top","Top","PLK USC","FPA_Reporting","Top","Top","Top","Top","416"
"plk-usc","flowthrough","Check","MATCHED","69","PLK USC - TotalSales","RestaurantBrandsIntlMNGT","Act_PY_Planrate","Periodic","TotalSales","Top","Top","Aggregated","Top","Top","PLK USC","FPA_Reporting","Top","Top","Top","Top","416"
"plk-usc","pnl","FZ Sales","MATCHED","154","FZ Sales - TotalFzAndOASales - Franchise_FPA","RestaurantBrandsIntlMNGT","Act_PY1_PreviewRate","YTD","TotalFzAndOASales","Top","Top","Aggregated","Franchise_FPA","Top","PLK USC","FPA_Reporting","Top","Top","Top","Top","832"
"plk-usc","pnl","Royalty Rate %","MATCHED","89","PLK USC - TotalSales","RestaurantBrandsIntlMNGT","Actual","Periodic","TotalSales","Top","Top","Aggregated","Top","Top","PLK USC","FPA_Reporting","Top","Top","Top","Top","832"
"plk-usc","pnl","Royalties","MATCHED","154","Royalties - RoyaltiesNet - Franchise_FPA","RestaurantBrandsIntlMNGT","Act_PY1_PreviewRate","YTD","RoyaltiesNet","Top","Top","Aggregated","Franchise_FPA","Top","PLK USC","FPA_Reporting","Top","Top","Top","Top","832"
"plk-usc","pnl","FZ & Successor Fees","MATCHED","89","PLK USC - TotalSales","RestaurantBrandsIntlMNGT","Actual","Periodic","TotalSales","Top","Top","Aggregated","Top","Top","PLK USC","FPA_Reporting","Top","Top","Top","Top","832"
"plk-usc","pnl","Amortized Fees","MATCHED","154","Amortized Fees - Amortized Fees_FPA - Franchise_FPA","RestaurantBrandsIntlMNGT","Actual","YTD","Amortized Fees_FPA","Top","Top","Aggregated","Franchise_FPA","Top","PLK USC","FPA_Reporting","Top","Top","Top","Top","832"
"plk-usc","pnl","Unamortized Fees","MATCHED","154","Unamortized Fees - Unamortized Fees_FPA - Franchise_FPA","RestaurantBrandsIntlMNGT","Fcst_0210_Planrate","Periodic","Unamortized Fees_FPA","Top","Top","Aggregated","Franchise_FPA","Top","PLK USC","FPA_Reporting","Top","Top","Top","Top","832"
"plk-usc","pnl","Total Franchise Revenue","MATCHED","89","PLK USC - TotalSales","RestaurantBrandsIntlMNGT","Actual","Periodic","TotalSales","Top","Top","Aggregated","Top","Top","PLK USC","FPA_Reporting","Top","Top","Top","Top","832"
"plk-usc","pnl","FZ Bad Debt","MATCHED","154","FZ Bad Debt - BadDebt_FPA - Franchise_FPA","RestaurantBrandsIntlMNGT","Act_Planrate","YTD","BadDebt_FPA","Top","Top","Aggregated","Franchise_FPA","Top","PLK USC","FPA_Reporting","Top","Top","Top","Top","832"
"plk-usc","pnl","Other FZ Expense","MATCHED","154","Other FZ Expense - Other_Expenses_FPA - Franchise_FPA","RestaurantBrandsIntlMNGT","Act_PY_Planrate","YTD","Other_Expenses_FPA","Top","Top","Aggregated","Franchise_FPA","Top","PLK USC","FPA_Reporting","Top","Top","Top","Top","832"
"plk-usc","pnl","Franchise AOI","MATCHED","154","Franchise AOI - AOI - Franchise_FPA","RestaurantBrandsIntlMNGT","Act_PY1_Actrate","Periodic","AOI","Top","Top","Aggregated","Franchise_FPA","Top","PLK USC","FPA_Reporting","Top","Top","Top","Top","832"
"plk-usc","pnl","Property AOI","MATCHED","154","Property AOI - AOI - Property_FPA","RestaurantBrandsIntlMNGT","Forecast_02_10","YTD","AOI","Top","Top","Aggregated","Property_FPA","Top","PLK USC","FPA_Reporting","Top","Top","Top","Top","832"
"plk-usc","pnl","Ad Fund AOI","MATCHED","154","Ad Fund AOI - AOI - LOB_MAA_FPA","RestaurantBrandsIntlMNGT","Fcst_0210_Planrate","Periodic","AOI","Top","Top","Aggregated","LOB_MAA_FPA","Top","PLK USC","FPA_Reporting","Top","Top","Top","Top","832"
"plk-usc","pnl","Company AOI","MATCHED","154","Company AOI - AOI - Company","RestaurantBrandsIntlMNGT","Actual","YTD","AOI","Top","Top","Aggregated","Company","Top","PLK USC","FPA_Reporting","Top","Top","Top","Top","832"
"plk-usc","pnl","Retail AOI","MATCHED","89","PLK USC - TotalSales","RestaurantBrandsIntlMNGT","Actual","Periodic","TotalSales","Top","Top","Aggregated","Top","Top","PLK USC","FPA_Reporting","Top","Top","Top","Top","832"
"plk-usc","pnl","Segment G&A","MATCHED","89","PLK USC - TotalSales","RestaurantBrandsIntlMNGT","Actual","Periodic","TotalSales","Top","Top","Aggregated","Top","Top","PLK USC","FPA_Reporting","Top","Top","Top","Top","832"
"plk-usc","pnl","Other Corp","MATCHED","89","PLK USC - TotalSales","RestaurantBrandsIntlMNGT","Actual","Periodic","TotalSales","Top","Top","Aggregated","Top","Top","PLK USC","FPA_Reporting","Top","Top","Top","Top","832"
"plk-usc","pnl","Total AOI","MATCHED","89","PLK USC - TotalSales","RestaurantBrandsIntlMNGT","Actual","Periodic","TotalSales","Top","Top","Aggregated","Top","Top","PLK USC","FPA_Reporting","Top","Top","Top","Top","832"
"plk-usc","pnl","check","MATCHED","89","PLK USC - TotalSales","RestaurantBrandsIntlMNGT","Actual","Periodic","TotalSales","Top","Top","Aggregated","Top","Top","PLK USC","FPA_Reporting","Top","Top","Top","Top","832"
"fhs-usc","kpi","SST","MATCHED","120","rollup(FHS USC)","RestaurantBrandsIntlMNGT","Forecast_02_10","YTD","ReportedSystemCompTrafficCY","Top","Top","Aggregated","Top","Top","FHS USC","FPA_Reporting","Top","Top","Top","Top","36"
"fhs-usc","kpi","SSS","MATCHED","120","rollup(FHS USC)","RestaurantBrandsIntlMNGT","Forecast_02_10","YTD","ReportedSystemCompSalesCY","Top","Top","Aggregated","Top","Top","FHS USC","FPA_Reporting","Top","Top","Top","Top","36"
"fhs-usc","kpi","NRG","MATCHED","120","rollup(FHS USC)","RestaurantBrandsIntlMNGT","Forecast_02_10","YTD","SystemNRG","Top","Top","Aggregated","Top","Top","FHS USC","FPA_Reporting","Top","StoreTypes_Reporting","Top","Top","36"
"fhs-usc","kpi","Unit %","CALCULATED","0","(derived: Unit %)","","","","","","","","","","","","","","","","0"
"fhs-usc","kpi","SWSG","CALCULATED","0","(derived: SWSG)","","","","","","","","","","","","","","","","0"
"fhs-usc","kpi","Segment AOI","MATCHED","100","Brand Entity in Corp UD3 - AOI - CorporateLOB_FPA","RestaurantBrandsIntlMNGT","Actual","Periodic","AOI","Top","Top","Aggregated","CorporateLOB_FPA","Top","FHS USC","FPA_Reporting","Top","Top","Top","Top","368"
"fhs-usc","kpi","AOIG","CALCULATED","0","(derived: AOIG)","","","","","","","","","","","","","","","","0"
"fhs-usc","kpiDetails","SST","MATCHED","120","rollup(FHS USC)","RestaurantBrandsIntlMNGT","Forecast_02_10","YTD","ReportedSystemCompTrafficCY","Top","Top","Aggregated","Top","Top","FHS USC","FPA_Reporting","Top","Top","Top","Top","36"
"fhs-usc","kpiDetails","SSS","MATCHED","120","rollup(FHS USC)","RestaurantBrandsIntlMNGT","Forecast_02_10","YTD","ReportedSystemCompSalesCY","Top","Top","Aggregated","Top","Top","FHS USC","FPA_Reporting","Top","Top","Top","Top","36"
"fhs-usc","kpiDetails","NRG","MATCHED","120","rollup(FHS USC)","RestaurantBrandsIntlMNGT","Forecast_02_10","YTD","SystemNRG","Top","Top","Aggregated","Top","Top","FHS USC","FPA_Reporting","Top","StoreTypes_Reporting","Top","Top","36"
"fhs-usc","kpiDetails","Unit %","CALCULATED","0","(derived: Unit %)","","","","","","","","","","","","","","","","0"
"fhs-usc","kpiDetails","SWSG","CALCULATED","0","(derived: SWSG)","","","","","","","","","","","","","","","","0"
"fhs-usc","kpiDetails","Segment AOI","MATCHED","100","Brand Entity in Corp UD3 - AOI - CorporateLOB_FPA","RestaurantBrandsIntlMNGT","Actual","Periodic","AOI","Top","Top","Aggregated","CorporateLOB_FPA","Top","FHS USC","FPA_Reporting","Top","Top","Top","Top","368"
"fhs-usc","kpiDetails","AOIG","CALCULATED","0","(derived: AOIG)","","","","","","","","","","","","","","","","0"
"fhs-usc","flowthrough","FZ Sales","MATCHED","134","FZ Sales - TotalFzAndOASales - Franchise_FPA","RestaurantBrandsIntlMNGT","Fcst_0210_Planrate","Periodic","TotalFzAndOASales","Top","Top","Aggregated","Franchise_FPA","Top","FHS USC","FPA_Reporting","Top","Top","Top","Top","96"
"fhs-usc","flowthrough","Royalty Rate %","MATCHED","64","FHS USC - AOI - CorporateLOB_FPA","RestaurantBrandsIntlMNGT","Fcst_0210_Planrate","Periodic","AOI","Top","Top","Aggregated","CorporateLOB_FPA","Top","FHS USC","FPA_Reporting","Top","Top","Top","Top","80"
"fhs-usc","flowthrough","Royalties","MATCHED","134","Royalties - RoyaltiesNet - Franchise_FPA","RestaurantBrandsIntlMNGT","Fcst_0210_Planrate","Periodic","RoyaltiesNet","Top","Top","Aggregated","Franchise_FPA","Top","FHS USC","FPA_Reporting","Top","Top","Top","Top","96"
"fhs-usc","flowthrough","FZ & Other Fees","MATCHED","64","FHS USC - AOI - CorporateLOB_FPA","RestaurantBrandsIntlMNGT","Fcst_0210_Planrate","Periodic","AOI","Top","Top","Aggregated","CorporateLOB_FPA","Top","FHS USC","FPA_Reporting","Top","Top","Top","Top","80"
"fhs-usc","flowthrough","FZ Bad Debt","MATCHED","134","FZ Bad Debt - BadDebt_FPA - Franchise_FPA","RestaurantBrandsIntlMNGT","Fcst_0210_Planrate","Periodic","BadDebt_FPA","Top","Top","Aggregated","Franchise_FPA","Top","FHS USC","FPA_Reporting","Top","Top","Top","Top","96"
"fhs-usc","flowthrough","Property","MATCHED","74","Property AOI - AOI - Property_FPA","RestaurantBrandsIntlMNGT","Fcst_0210_Planrate","Periodic","AOI","Top","Top","Aggregated","Property_FPA","Top","FHS USC","FPA_Reporting","Top","Top","Top","Top","96"
"fhs-usc","flowthrough","Ad Fund","MATCHED","74","Ad Fund AOI - AOI - LOB_MAA_FPA","RestaurantBrandsIntlMNGT","Fcst_0210_Planrate","Periodic","AOI","Top","Top","Aggregated","LOB_MAA_FPA","Top","FHS USC","FPA_Reporting","Top","Top","Top","Top","96"
"fhs-usc","flowthrough","Company","MATCHED","74","Company Ad AOI - AOI - LOB_Company_Advertising","RestaurantBrandsIntlMNGT","Actual","YTD","AOI","Top","Top","Aggregated","LOB_Company_Advertising","Top","FHS USC","FPA_Reporting","Top","Top","Top","Top","128"
"fhs-usc","flowthrough","SC","MATCHED","64","FHS USC - AOI - CorporateLOB_FPA","RestaurantBrandsIntlMNGT","Fcst_0210_Planrate","Periodic","AOI","Top","Top","Aggregated","CorporateLOB_FPA","Top","FHS USC","FPA_Reporting","Top","Top","Top","Top","80"
"fhs-usc","flowthrough","Tech Fund","MATCHED","64","FHS USC - AOI - CorporateLOB_FPA","RestaurantBrandsIntlMNGT","Fcst_0210_Planrate","Periodic","AOI","Top","Top","Aggregated","CorporateLOB_FPA","Top","FHS USC","FPA_Reporting","Top","Top","Top","Top","80"
"fhs-usc","flowthrough","MIS Fees","MATCHED","64","FHS USC - AOI - CorporateLOB_FPA","RestaurantBrandsIntlMNGT","Fcst_0210_Planrate","Periodic","AOI","Top","Top","Aggregated","CorporateLOB_FPA","Top","FHS USC","FPA_Reporting","Top","Top","Top","Top","80"
"fhs-usc","flowthrough","Segment G&A","MATCHED","64","FHS USC - AOI - CorporateLOB_FPA","RestaurantBrandsIntlMNGT","Fcst_0210_Planrate","Periodic","AOI","Top","Top","Aggregated","CorporateLOB_FPA","Top","FHS USC","FPA_Reporting","Top","Top","Top","Top","80"
"fhs-usc","flowthrough","Other Corp","MATCHED","64","FHS USC - AOI - CorporateLOB_FPA","RestaurantBrandsIntlMNGT","Fcst_0210_Planrate","Periodic","AOI","Top","Top","Aggregated","CorporateLOB_FPA","Top","FHS USC","FPA_Reporting","Top","Top","Top","Top","80"
"fhs-usc","flowthrough","Total Flowthrough","MATCHED","64","FHS USC - AOI - CorporateLOB_FPA","RestaurantBrandsIntlMNGT","Fcst_0210_Planrate","Periodic","AOI","Top","Top","Aggregated","CorporateLOB_FPA","Top","FHS USC","FPA_Reporting","Top","Top","Top","Top","80"
"fhs-usc","flowthrough","AOI Growth","MATCHED","64","FHS USC - AOI - CorporateLOB_FPA","RestaurantBrandsIntlMNGT","Fcst_0210_Planrate","Periodic","AOI","Top","Top","Aggregated","CorporateLOB_FPA","Top","FHS USC","FPA_Reporting","Top","Top","Top","Top","80"
"fhs-usc","flowthrough","Check","MATCHED","64","FHS USC - AOI - CorporateLOB_FPA","RestaurantBrandsIntlMNGT","Fcst_0210_Planrate","Periodic","AOI","Top","Top","Aggregated","CorporateLOB_FPA","Top","FHS USC","FPA_Reporting","Top","Top","Top","Top","80"
"fhs-usc","pnl","FZ Sales","MATCHED","154","FZ Sales - TotalFzAndOASales - Franchise_FPA","RestaurantBrandsIntlMNGT","Budget","YTD","TotalFzAndOASales","Top","Top","Aggregated","Franchise_FPA","Top","FHS USC","FPA_Reporting","Top","Top","Top","Top","464"
"fhs-usc","pnl","Royalty Rate %","MATCHED","84","FHS USC - 635095 - Franchise_FPA","RestaurantBrandsIntlMNGT","Act_PY_Planrate","Periodic","635095","Top","Top","Aggregated","Franchise_FPA","Top","FHS USC","FPA_Reporting","Top","Top","Top","Top","464"
"fhs-usc","pnl","Royalties","MATCHED","154","Royalties - RoyaltiesNet - Franchise_FPA","RestaurantBrandsIntlMNGT","Budget","YTD","RoyaltiesNet","Top","Top","Aggregated","Franchise_FPA","Top","FHS USC","FPA_Reporting","Top","Top","Top","Top","464"
"fhs-usc","pnl","FZ & Successor Fees","MATCHED","84","FHS USC - 635095 - Franchise_FPA","RestaurantBrandsIntlMNGT","Act_PY_Planrate","Periodic","635095","Top","Top","Aggregated","Franchise_FPA","Top","FHS USC","FPA_Reporting","Top","Top","Top","Top","464"
"fhs-usc","pnl","Amortized Fees","MATCHED","154","Amortized Fees - Amortized Fees_FPA - Franchise_FPA","RestaurantBrandsIntlMNGT","Budget","YTD","Amortized Fees_FPA","Top","Top","Aggregated","Franchise_FPA","Top","FHS USC","FPA_Reporting","Top","Top","Top","Top","464"
"fhs-usc","pnl","Unamortized Fees","MATCHED","154","Unamortized Fees - Unamortized Fees_FPA - Franchise_FPA","RestaurantBrandsIntlMNGT","Actual","YTD","Unamortized Fees_FPA","Top","Top","Aggregated","Franchise_FPA","Top","FHS USC","FPA_Reporting","Top","Top","Top","Top","464"
"fhs-usc","pnl","Total Franchise Revenue","MATCHED","84","FHS USC - 635095 - Franchise_FPA","RestaurantBrandsIntlMNGT","Act_PY_Planrate","Periodic","635095","Top","Top","Aggregated","Franchise_FPA","Top","FHS USC","FPA_Reporting","Top","Top","Top","Top","464"
"fhs-usc","pnl","FZ Bad Debt","MATCHED","154","FZ Bad Debt - BadDebt_FPA - Franchise_FPA","RestaurantBrandsIntlMNGT","Actual","YTD","BadDebt_FPA","Top","Top","Aggregated","Franchise_FPA","Top","FHS USC","FPA_Reporting","Top","Top","Top","Top","464"
"fhs-usc","pnl","Other FZ Expense","MATCHED","154","Other FZ Expense - Other_Expenses_FPA - Franchise_FPA","RestaurantBrandsIntlMNGT","Fcst_0210_Planrate","Periodic","Other_Expenses_FPA","Top","Top","Aggregated","Franchise_FPA","Top","FHS USC","FPA_Reporting","Top","Top","Top","Top","464"
"fhs-usc","pnl","Franchise AOI","MATCHED","154","Franchise AOI - AOI - Franchise_FPA","RestaurantBrandsIntlMNGT","Forecast_02_10","Periodic","AOI","Top","Top","Aggregated","Franchise_FPA","Top","FHS USC","FPA_Reporting","Top","Top","Top","Top","464"
"fhs-usc","pnl","Property AOI","MATCHED","154","Property AOI - AOI - Property_FPA","RestaurantBrandsIntlMNGT","Forecast_02_10","Periodic","AOI","Top","Top","Aggregated","Property_FPA","Top","FHS USC","FPA_Reporting","Top","Top","Top","Top","464"
"fhs-usc","pnl","Ad Fund AOI","MATCHED","154","Ad Fund AOI - AOI - LOB_MAA_FPA","RestaurantBrandsIntlMNGT","Act_Planrate","YTD","AOI","Top","Top","Aggregated","LOB_MAA_FPA","Top","FHS USC","FPA_Reporting","Top","Top","Top","Top","464"
"fhs-usc","pnl","Company AOI","MATCHED","154","Company AOI - AOI - Company","RestaurantBrandsIntlMNGT","Actual","YTD","AOI","Top","Top","Aggregated","Company","Top","FHS USC","FPA_Reporting","Top","Top","Top","Top","464"
"fhs-usc","pnl","Supply Chain","MATCHED","94","Supply Chain AOI - AOI - LOB_SupplyChain","RestaurantBrandsIntlMNGT","Act_Planrate","Periodic","AOI","Top","Top","Aggregated","LOB_SupplyChain","Top","FHS USC","FPA_Reporting","Top","Top","Top","Top","464"
"fhs-usc","pnl","Tech Fund","MATCHED","84","FHS USC - 635095 - Franchise_FPA","RestaurantBrandsIntlMNGT","Act_PY_Planrate","Periodic","635095","Top","Top","Aggregated","Franchise_FPA","Top","FHS USC","FPA_Reporting","Top","Top","Top","Top","464"
"fhs-usc","pnl","MIS Fees","MATCHED","84","FHS USC - 635095 - Franchise_FPA","RestaurantBrandsIntlMNGT","Act_PY_Planrate","Periodic","635095","Top","Top","Aggregated","Franchise_FPA","Top","FHS USC","FPA_Reporting","Top","Top","Top","Top","464"
"fhs-usc","pnl","Segment G&A","MATCHED","84","FHS USC - 635095 - Franchise_FPA","RestaurantBrandsIntlMNGT","Act_PY_Planrate","Periodic","635095","Top","Top","Aggregated","Franchise_FPA","Top","FHS USC","FPA_Reporting","Top","Top","Top","Top","464"
"fhs-usc","pnl","Other Corp","MATCHED","84","FHS USC - 635095 - Franchise_FPA","RestaurantBrandsIntlMNGT","Act_PY_Planrate","Periodic","635095","Top","Top","Aggregated","Franchise_FPA","Top","FHS USC","FPA_Reporting","Top","Top","Top","Top","464"
"fhs-usc","pnl","Total AOI","MATCHED","84","FHS USC - 635095 - Franchise_FPA","RestaurantBrandsIntlMNGT","Act_PY_Planrate","Periodic","635095","Top","Top","Aggregated","Franchise_FPA","Top","FHS USC","FPA_Reporting","Top","Top","Top","Top","464"
"fhs-usc","pnl","check","MATCHED","84","FHS USC - 635095 - Franchise_FPA","RestaurantBrandsIntlMNGT","Act_PY_Planrate","Periodic","635095","Top","Top","Aggregated","Franchise_FPA","Top","FHS USC","FPA_Reporting","Top","Top","Top","Top","464"
"rbi-intl","kpi","SST","MATCHED","120","RBI INTL - ReportedSystemCompTrafficCY","RestaurantBrandsIntlMNGT","Forecast_02_10","YTD","ReportedSystemCompTrafficCY","Top","Top","Aggregated","Top","Top","RBI_International","FPA_Reporting","Top","Top","Top","Top","12"
"rbi-intl","kpi","SSS","MATCHED","120","RBI INTL - ReportedSystemCompSalesCY","RestaurantBrandsIntlMNGT","Forecast_02_10","YTD","ReportedSystemCompSalesCY","Top","Top","Aggregated","Top","Top","RBI_International","FPA_Reporting","Top","Top","Top","Top","12"
"rbi-intl","kpi","NRG","MATCHED","120","RBI INTL - SystemNRG","RestaurantBrandsIntlMNGT","Forecast_02_10","YTD","SystemNRG","Top","Top","Aggregated","Top","Top","RBI_International","FPA_Reporting","Top","StoreTypes_Reporting","Top","Top","12"
"rbi-intl","kpi","Unit %","CALCULATED","0","(derived: Unit %)","","","","","","","","","","","","","","","","0"
"rbi-intl","kpi","SWSG","CALCULATED","0","(derived: SWSG)","","","","","","","","","","","","","","","","0"
"rbi-intl","kpi","Segment AOI","MATCHED","100","Brand Entity in Corp UD3 - AOI - CorporateLOB_FPA","RestaurantBrandsIntlMNGT","Actual","Periodic","AOI","Top","Top","Aggregated","CorporateLOB_FPA","Top","RBI_International","FPA_Reporting","Top","Top","Top","Top","368"
"rbi-intl","kpi","AOIG","CALCULATED","0","(derived: AOIG)","","","","","","","","","","","","","","","","0"
"rbi-intl","kpiDetails","SST","MATCHED","120","RBI INTL - ReportedSystemCompTrafficCY","RestaurantBrandsIntlMNGT","Forecast_02_10","YTD","ReportedSystemCompTrafficCY","Top","Top","Aggregated","Top","Top","RBI_International","FPA_Reporting","Top","Top","Top","Top","12"
"rbi-intl","kpiDetails","SSS","MATCHED","120","RBI INTL - ReportedSystemCompSalesCY","RestaurantBrandsIntlMNGT","Forecast_02_10","YTD","ReportedSystemCompSalesCY","Top","Top","Aggregated","Top","Top","RBI_International","FPA_Reporting","Top","Top","Top","Top","12"
"rbi-intl","kpiDetails","NRG","MATCHED","120","RBI INTL - SystemNRG","RestaurantBrandsIntlMNGT","Forecast_02_10","YTD","SystemNRG","Top","Top","Aggregated","Top","Top","RBI_International","FPA_Reporting","Top","StoreTypes_Reporting","Top","Top","12"
"rbi-intl","kpiDetails","Unit %","CALCULATED","0","(derived: Unit %)","","","","","","","","","","","","","","","","0"
"rbi-intl","kpiDetails","SWSG","CALCULATED","0","(derived: SWSG)","","","","","","","","","","","","","","","","0"
"rbi-intl","kpiDetails","Segment AOI","MATCHED","100","Brand Entity in Corp UD3 - AOI - CorporateLOB_FPA","RestaurantBrandsIntlMNGT","Actual","Periodic","AOI","Top","Top","Aggregated","CorporateLOB_FPA","Top","RBI_International","FPA_Reporting","Top","Top","Top","Top","368"
"rbi-intl","kpiDetails","AOIG","CALCULATED","0","(derived: AOIG)","","","","","","","","","","","","","","","","0"
"rbi-intl","flowthrough","FZ Sales","MATCHED","134","FZ Sales - TotalFzAndOASales - Franchise_FPA","RestaurantBrandsIntlMNGT","Budget","YTD","TotalFzAndOASales","Top","Top","Aggregated","Franchise_FPA","Top","RBI_International","FPA_Reporting","Top","Top","Top","Top","64"
"rbi-intl","flowthrough","Royalty Rate %","MATCHED","64","RBI_International - Out_of_Scope - CorporateLOB_FPA","RestaurantBrandsIntlMNGT","Budget","YTD","Out_of_Scope","Top","Top","Aggregated","CorporateLOB_FPA","Top","RBI_International","FPA_Reporting","Top","Top","Top","Top","48"
"rbi-intl","flowthrough","Royalties","MATCHED","134","Royalties - RoyaltiesNet - Franchise_FPA","RestaurantBrandsIntlMNGT","Budget","YTD","RoyaltiesNet","Top","Top","Aggregated","Franchise_FPA","Top","RBI_International","FPA_Reporting","Top","Top","Top","Top","64"
"rbi-intl","flowthrough","FZ & Other Fees","MATCHED","64","RBI_International - Out_of_Scope - CorporateLOB_FPA","RestaurantBrandsIntlMNGT","Budget","YTD","Out_of_Scope","Top","Top","Aggregated","CorporateLOB_FPA","Top","RBI_International","FPA_Reporting","Top","Top","Top","Top","48"
"rbi-intl","flowthrough","FZ Bad Debt","MATCHED","134","FZ Bad Debt - BadDebt_FPA - Franchise_FPA","RestaurantBrandsIntlMNGT","Budget","YTD","BadDebt_FPA","Top","Top","Aggregated","Franchise_FPA","Top","RBI_International","FPA_Reporting","Top","Top","Top","Top","64"
"rbi-intl","flowthrough","Property","MATCHED","74","Property AOI - AOI - Property_FPA","RestaurantBrandsIntlMNGT","Budget","YTD","AOI","Top","Top","Aggregated","Property_FPA","Top","RBI_International","FPA_Reporting","Top","Top","Top","Top","64"
"rbi-intl","flowthrough","Ad Fund","MATCHED","74","Ad Fund AOI - AOI - LOB_MAA_FPA","RestaurantBrandsIntlMNGT","Budget","YTD","AOI","Top","Top","Aggregated","LOB_MAA_FPA","Top","RBI_International","FPA_Reporting","Top","Top","Top","Top","64"
"rbi-intl","flowthrough","Company","MATCHED","74","Company Ad AOI - AOI - LOB_Company_Advertising","RestaurantBrandsIntlMNGT","Budget","YTD","AOI","Top","Top","Aggregated","LOB_Company_Advertising","Top","RBI_International","FPA_Reporting","Top","Top","Top","Top","96"
"rbi-intl","flowthrough","Tech Fund","MATCHED","64","RBI_International - Out_of_Scope - CorporateLOB_FPA","RestaurantBrandsIntlMNGT","Budget","YTD","Out_of_Scope","Top","Top","Aggregated","CorporateLOB_FPA","Top","RBI_International","FPA_Reporting","Top","Top","Top","Top","48"
"rbi-intl","flowthrough","Segment G&A","MATCHED","64","RBI_International - Out_of_Scope - CorporateLOB_FPA","RestaurantBrandsIntlMNGT","Budget","YTD","Out_of_Scope","Top","Top","Aggregated","CorporateLOB_FPA","Top","RBI_International","FPA_Reporting","Top","Top","Top","Top","48"
"rbi-intl","flowthrough","Other Corp","MATCHED","64","RBI_International - Out_of_Scope - CorporateLOB_FPA","RestaurantBrandsIntlMNGT","Budget","YTD","Out_of_Scope","Top","Top","Aggregated","CorporateLOB_FPA","Top","RBI_International","FPA_Reporting","Top","Top","Top","Top","48"
"rbi-intl","flowthrough","Total Flowthrough","MATCHED","64","RBI_International - Out_of_Scope - CorporateLOB_FPA","RestaurantBrandsIntlMNGT","Budget","YTD","Out_of_Scope","Top","Top","Aggregated","CorporateLOB_FPA","Top","RBI_International","FPA_Reporting","Top","Top","Top","Top","48"
"rbi-intl","flowthrough","AOI Growth","MATCHED","64","RBI_International - Out_of_Scope - CorporateLOB_FPA","RestaurantBrandsIntlMNGT","Budget","YTD","Out_of_Scope","Top","Top","Aggregated","CorporateLOB_FPA","Top","RBI_International","FPA_Reporting","Top","Top","Top","Top","48"
"rbi-intl","flowthrough","Check","MATCHED","64","RBI_International - Out_of_Scope - CorporateLOB_FPA","RestaurantBrandsIntlMNGT","Budget","YTD","Out_of_Scope","Top","Top","Aggregated","CorporateLOB_FPA","Top","RBI_International","FPA_Reporting","Top","Top","Top","Top","48"
"rbi-intl","pnl","FZ Sales","MATCHED","154","FZ Sales - TotalFzAndOASales - Franchise_FPA","RestaurantBrandsIntlMNGT","Forecast_02_10","Periodic","TotalFzAndOASales","Top","Top","Aggregated","Franchise_FPA","Top","RBI_International","FPA_Reporting","Top","Top","Top","Top","416"
"rbi-intl","pnl","Royalty Rate %","MATCHED","59","Total Sales - TotalSales","RestaurantBrandsIntlMNGT","Act_PY_Planrate","Periodic","TotalSales","Top","Top","Aggregated","Top","Top","RBI_International","FPA_Reporting","Top","Top","Top","Top","416"
"rbi-intl","pnl","Royalties","MATCHED","154","Royalties - RoyaltiesNet - Franchise_FPA","RestaurantBrandsIntlMNGT","Budget","YTD","RoyaltiesNet","Top","Top","Aggregated","Franchise_FPA","Top","RBI_International","FPA_Reporting","Top","Top","Top","Top","416"
"rbi-intl","pnl","FZ & Successor Fees","MATCHED","59","Total Sales - TotalSales","RestaurantBrandsIntlMNGT","Act_PY_Planrate","Periodic","TotalSales","Top","Top","Aggregated","Top","Top","RBI_International","FPA_Reporting","Top","Top","Top","Top","416"
"rbi-intl","pnl","Amortized Fees","MATCHED","154","Amortized Fees - Amortized Fees_FPA - Franchise_FPA","RestaurantBrandsIntlMNGT","Forecast_02_10","Periodic","Amortized Fees_FPA","Top","Top","Aggregated","Franchise_FPA","Top","RBI_International","FPA_Reporting","Top","Top","Top","Top","416"
"rbi-intl","pnl","Unamortized Fees","MATCHED","154","Unamortized Fees - Unamortized Fees_FPA - Franchise_FPA","RestaurantBrandsIntlMNGT","Act_PY1_Actrate","Periodic","Unamortized Fees_FPA","Top","Top","Aggregated","Franchise_FPA","Top","RBI_International","FPA_Reporting","Top","Top","Top","Top","416"
"rbi-intl","pnl","Total Franchise Revenue","MATCHED","59","Total Sales - TotalSales","RestaurantBrandsIntlMNGT","Act_PY_Planrate","Periodic","TotalSales","Top","Top","Aggregated","Top","Top","RBI_International","FPA_Reporting","Top","Top","Top","Top","416"
"rbi-intl","pnl","FZ Bad Debt","MATCHED","154","FZ Bad Debt - BadDebt_FPA - Franchise_FPA","RestaurantBrandsIntlMNGT","Actual","YTD","BadDebt_FPA","Top","Top","Aggregated","Franchise_FPA","Top","RBI_International","FPA_Reporting","Top","Top","Top","Top","416"
"rbi-intl","pnl","Other FZ Expense","MATCHED","154","Other FZ Expense - Other_Expenses_FPA - Franchise_FPA","RestaurantBrandsIntlMNGT","Actual","YTD","Other_Expenses_FPA","Top","Top","Aggregated","Franchise_FPA","Top","RBI_International","FPA_Reporting","Top","Top","Top","Top","416"
"rbi-intl","pnl","Franchise AOI","MATCHED","154","Franchise AOI - AOI - Franchise_FPA","RestaurantBrandsIntlMNGT","Actual","YTD","AOI","Top","Top","Aggregated","Franchise_FPA","Top","RBI_International","FPA_Reporting","Top","Top","Top","Top","416"
"rbi-intl","pnl","Property AOI","MATCHED","154","Property AOI - AOI - Property_FPA","RestaurantBrandsIntlMNGT","Actual","YTD","AOI","Top","Top","Aggregated","Property_FPA","Top","RBI_International","FPA_Reporting","Top","Top","Top","Top","416"
"rbi-intl","pnl","Ad Fund AOI","MATCHED","154","Ad Fund AOI - AOI - LOB_MAA_FPA","RestaurantBrandsIntlMNGT","Actual","YTD","AOI","Top","Top","Aggregated","LOB_MAA_FPA","Top","RBI_International","FPA_Reporting","Top","Top","Top","Top","416"
"rbi-intl","pnl","Company AOI","MATCHED","154","Company AOI - AOI - Company","RestaurantBrandsIntlMNGT","Actual","YTD","AOI","Top","Top","Aggregated","Company","Top","RBI_International","FPA_Reporting","Top","Top","Top","Top","416"
"rbi-intl","pnl","Tech Fund AOI","MATCHED","59","Total Sales - TotalSales","RestaurantBrandsIntlMNGT","Act_PY_Planrate","Periodic","TotalSales","Top","Top","Aggregated","Top","Top","RBI_International","FPA_Reporting","Top","Top","Top","Top","416"
"rbi-intl","pnl","Segment G&A","MATCHED","59","Total Sales - TotalSales","RestaurantBrandsIntlMNGT","Act_PY_Planrate","Periodic","TotalSales","Top","Top","Aggregated","Top","Top","RBI_International","FPA_Reporting","Top","Top","Top","Top","416"
"rbi-intl","pnl","Other Corp","MATCHED","59","Total Sales - TotalSales","RestaurantBrandsIntlMNGT","Act_PY_Planrate","Periodic","TotalSales","Top","Top","Aggregated","Top","Top","RBI_International","FPA_Reporting","Top","Top","Top","Top","416"
"rbi-intl","pnl","Total AOI","MATCHED","59","Total Sales - TotalSales","RestaurantBrandsIntlMNGT","Act_PY_Planrate","Periodic","TotalSales","Top","Top","Aggregated","Top","Top","RBI_International","FPA_Reporting","Top","Top","Top","Top","416"
"rbi-intl","pnl","check","MATCHED","59","Total Sales - TotalSales","RestaurantBrandsIntlMNGT","Act_PY_Planrate","Periodic","TotalSales","Top","Top","Aggregated","Top","Top","RBI_International","FPA_Reporting","Top","Top","Top","Top","416"
"rbi-level","kpi","SST","MATCHED","130","RH - ReportedSystemCompTrafficCY","RestaurantBrandsIntlMNGT","Budget","YTD","ReportedSystemCompTrafficCY","Top","Top","Aggregated","Top","Top","Top","FPA_Reporting","Top","Top","Top","Top","60"
"rbi-level","kpi","SSS","MATCHED","130","RH - ReportedSystemCompSalesCY","RestaurantBrandsIntlMNGT","Budget","YTD","ReportedSystemCompSalesCY","Top","Top","Aggregated","Top","Top","Top","FPA_Reporting","Top","Top","Top","Top","60"
"rbi-level","kpi","NRG","MATCHED","130","RH - SystemNRG","RestaurantBrandsIntlMNGT","Budget","YTD","SystemNRG","Top","Top","Aggregated","Top","Top","Top","FPA_Reporting","Top","StoreTypes_Reporting","Top","Top","60"
"rbi-level","kpi","Unit %","CALCULATED","0","(derived: Unit %)","","","","","","","","","","","","","","","","0"
"rbi-level","kpi","SWSG","CALCULATED","0","(derived: SWSG)","","","","","","","","","","","","","","","","0"
"rbi-level","kpi","Segment AOI","MATCHED","100","Brand Entity in Corp UD3 - AOI - CorporateLOB_FPA","PLKChinaConsolidated","Actual","YTD","AOI","Top","Top","Aggregated","CorporateLOB_FPA","Top","RBI Organization","FPA_Total_Reporting","Top","Top","Top","Top","896"
"rbi-level","kpi","AOIG","CALCULATED","0","(derived: AOIG)","","","","","","","","","","","","","","","","0"
"rbi-level","kpiDetails","SST","MATCHED","130","RH - ReportedSystemCompTrafficCY","RestaurantBrandsIntlMNGT","Budget","YTD","ReportedSystemCompTrafficCY","Top","Top","Aggregated","Top","Top","Top","FPA_Reporting","Top","Top","Top","Top","60"
"rbi-level","kpiDetails","SSS","MATCHED","130","RH - ReportedSystemCompSalesCY","RestaurantBrandsIntlMNGT","Budget","YTD","ReportedSystemCompSalesCY","Top","Top","Aggregated","Top","Top","Top","FPA_Reporting","Top","Top","Top","Top","60"
"rbi-level","kpiDetails","NRG","MATCHED","130","RH - SystemNRG","RestaurantBrandsIntlMNGT","Budget","YTD","SystemNRG","Top","Top","Aggregated","Top","Top","Top","FPA_Reporting","Top","StoreTypes_Reporting","Top","Top","60"
"rbi-level","kpiDetails","Unit %","CALCULATED","0","(derived: Unit %)","","","","","","","","","","","","","","","","0"
"rbi-level","kpiDetails","SWSG","CALCULATED","0","(derived: SWSG)","","","","","","","","","","","","","","","","0"
"rbi-level","kpiDetails","Segment AOI","MATCHED","100","Brand Entity in Corp UD3 - AOI - CorporateLOB_FPA","PLKChinaConsolidated","Actual","YTD","AOI","Top","Top","Aggregated","CorporateLOB_FPA","Top","RBI Organization","FPA_Total_Reporting","Top","Top","Top","Top","896"
"rbi-level","kpiDetails","AOIG","CALCULATED","0","(derived: AOIG)","","","","","","","","","","","","","","","","0"
"rbi-level","flowthrough","FZ Sales","MATCHED","134","FZ Sales - TotalFzAndOASales - Franchise_FPA","RestaurantBrandsIntlMNGT","Budget","YTD","TotalFzAndOASales","Top","Top","Aggregated","Franchise_FPA","Top","RBI Organization","FPA_Reporting","Top","Top","Top","Top","256"
"rbi-level","flowthrough","Royalty Rate %","MATCHED","64","rollup(RBI Organization)","RestaurantBrandsIntlMNGT","Act_PY1_Actrate","Periodic","AOI","Top","Top","Aggregated","LOB_TotalEBITDA_FPA","Top","RBI Organization","FPA_Reporting","Top","Top","Top","Top","240"
"rbi-level","flowthrough","Royalties","MATCHED","134","Royalties - RoyaltiesNet - Franchise_FPA","RestaurantBrandsIntlMNGT","Budget","YTD","RoyaltiesNet","Top","Top","Aggregated","Franchise_FPA","Top","RBI Organization","FPA_Reporting","Top","Top","Top","Top","256"
"rbi-level","flowthrough","FZ & Other Fees","MATCHED","64","rollup(RBI Organization)","RestaurantBrandsIntlMNGT","Act_PY1_Actrate","Periodic","AOI","Top","Top","Aggregated","LOB_TotalEBITDA_FPA","Top","RBI Organization","FPA_Reporting","Top","Top","Top","Top","240"
"rbi-level","flowthrough","FZ Bad Debt","MATCHED","134","FZ Bad Debt - BadDebt_FPA - Franchise_FPA","RestaurantBrandsIntlMNGT","Budget","YTD","BadDebt_FPA","Top","Top","Aggregated","Franchise_FPA","Top","RBI Organization","FPA_Reporting","Top","Top","Top","Top","256"
"rbi-level","flowthrough","Property","MATCHED","74","Property AOI - AOI - Property_FPA","RestaurantBrandsIntlMNGT","Budget","YTD","AOI","Top","Top","Aggregated","Property_FPA","Top","RBI Organization","FPA_Reporting","Top","Top","Top","Top","256"
"rbi-level","flowthrough","Ad Fund","MATCHED","74","Ad Fund AOI - AOI - LOB_MAA_FPA","RestaurantBrandsIntlMNGT","Budget","YTD","AOI","Top","Top","Aggregated","LOB_MAA_FPA","Top","RBI Organization","FPA_Reporting","Top","Top","Top","Top","256"
"rbi-level","flowthrough","Company","MATCHED","74","Company Ad AOI - AOI - LOB_Company_Advertising","RestaurantBrandsIntlMNGT","Budget","YTD","AOI","Top","Top","Aggregated","LOB_Company_Advertising","Top","RBI Organization","FPA_Reporting","Top","Top","Top","Top","352"
"rbi-level","flowthrough","Tech Fund","MATCHED","64","rollup(RBI Organization)","RestaurantBrandsIntlMNGT","Act_PY1_Actrate","Periodic","AOI","Top","Top","Aggregated","LOB_TotalEBITDA_FPA","Top","RBI Organization","FPA_Reporting","Top","Top","Top","Top","240"
"rbi-level","flowthrough","Equipment","MATCHED","74","Equipment AOI - AOI - EquipmentLOB_FPA","RestaurantBrandsIntlMNGT","Budget","YTD","AOI","Top","Top","Aggregated","EquipmentLOB_FPA","Top","RBI Organization","FPA_Reporting","Top","Top","Top","Top","256"
"rbi-level","flowthrough","VIE","MATCHED","74","VIE AOI - AOI - VIE","RestaurantBrandsIntlMNGT","Budget","YTD","AOI","Top","Top","Aggregated","VIE","Top","RBI Organization","FPA_Reporting","Top","Top","Top","Top","256"
"rbi-level","flowthrough","CPG","MATCHED","74","CPG Ad AOI - AOI - LOB_CPG_Advertising","RestaurantBrandsIntlMNGT","Budget","YTD","AOI","Top","Top","Aggregated","LOB_CPG_Advertising","Top","RBI Organization","FPA_Reporting","Top","Top","Top","Top","272"
"rbi-level","flowthrough","Supply Chain","MATCHED","74","Supply Chain AOI - AOI - LOB_SupplyChain","RestaurantBrandsIntlMNGT","Budget","YTD","AOI","Top","Top","Aggregated","LOB_SupplyChain","Top","RBI Organization","FPA_Reporting","Top","Top","Top","Top","336"
"rbi-level","flowthrough","Services","MATCHED","74","Services AOI - AOI - LOB_Services_FPA","RestaurantBrandsIntlMNGT","Budget","YTD","AOI","Top","Top","Aggregated","LOB_Services_FPA","Top","RBI Organization","FPA_Reporting","Top","Top","Top","Top","256"
"rbi-level","flowthrough","Segment G&A","MATCHED","64","rollup(RBI Organization)","RestaurantBrandsIntlMNGT","Act_PY1_Actrate","Periodic","AOI","Top","Top","Aggregated","LOB_TotalEBITDA_FPA","Top","RBI Organization","FPA_Reporting","Top","Top","Top","Top","240"
"rbi-level","flowthrough","Total Flowthrough","MATCHED","64","rollup(RBI Organization)","RestaurantBrandsIntlMNGT","Act_PY1_Actrate","Periodic","AOI","Top","Top","Aggregated","LOB_TotalEBITDA_FPA","Top","RBI Organization","FPA_Reporting","Top","Top","Top","Top","240"
"rbi-level","flowthrough","AOI Growth","MATCHED","64","rollup(RBI Organization)","RestaurantBrandsIntlMNGT","Act_PY1_Actrate","Periodic","AOI","Top","Top","Aggregated","LOB_TotalEBITDA_FPA","Top","RBI Organization","FPA_Reporting","Top","Top","Top","Top","240"
"rbi-level","pnl","FZ Sales","MATCHED","154","FZ Sales - TotalFzAndOASales - Franchise_FPA","RestaurantBrandsIntlMNGT","Fcst_0210_Planrate","Periodic","TotalFzAndOASales","Top","Top","Aggregated","Franchise_FPA","Top","RBI Organization","FPA_Reporting","Top","Top","Top","Top","624"
"rbi-level","pnl","Royalty Rate %","MATCHED","59","Total Sales - TotalSales","RestaurantBrandsIntlMNGT","Act_PY1_PreviewRate","YTD","TotalSales","Top","Top","Aggregated","Top","Top","RBI Organization","FPA_Reporting","Top","Top","Top","Top","624"
"rbi-level","pnl","Royalties","MATCHED","154","Royalties - RoyaltiesNet - Franchise_FPA","RestaurantBrandsIntlMNGT","Fcst_0210_Planrate","YTD","RoyaltiesNet","Top","Top","Aggregated","Franchise_FPA","Top","RBI Organization","FPA_Reporting","Top","Top","Top","Top","624"
"rbi-level","pnl","FZ & Successor Fees","MATCHED","59","Total Sales - TotalSales","RestaurantBrandsIntlMNGT","Act_PY1_PreviewRate","YTD","TotalSales","Top","Top","Aggregated","Top","Top","RBI Organization","FPA_Reporting","Top","Top","Top","Top","624"
"rbi-level","pnl","Amortized Fees","MATCHED","154","Amortized Fees - Amortized Fees_FPA - Franchise_FPA","RestaurantBrandsIntlMNGT","Act_PY1_Actrate","YTD","Amortized Fees_FPA","Top","Top","Aggregated","Franchise_FPA","Top","RBI Organization","FPA_Reporting","Top","Top","Top","Top","624"
"rbi-level","pnl","Unamortized Fees","MATCHED","154","Unamortized Fees - Unamortized Fees_FPA - Franchise_FPA","RestaurantBrandsIntlMNGT","Act_PY1_PreviewRate","Periodic","Unamortized Fees_FPA","Top","Top","Aggregated","Franchise_FPA","Top","RBI Organization","FPA_Reporting","Top","Top","Top","Top","624"
"rbi-level","pnl","Total Franchise Revenue","MATCHED","59","Total Sales - TotalSales","RestaurantBrandsIntlMNGT","Act_PY1_PreviewRate","YTD","TotalSales","Top","Top","Aggregated","Top","Top","RBI Organization","FPA_Reporting","Top","Top","Top","Top","624"
"rbi-level","pnl","FZ Bad Debt","MATCHED","154","FZ Bad Debt - BadDebt_FPA - Franchise_FPA","RestaurantBrandsIntlMNGT","Budget","Periodic","BadDebt_FPA","Top","Top","Aggregated","Franchise_FPA","Top","RBI Organization","FPA_Reporting","Top","Top","Top","Top","624"
"rbi-level","pnl","Other FZ Expense","MATCHED","154","Other FZ Expense - Other_Expenses_FPA - Franchise_FPA","RestaurantBrandsIntlMNGT","Forecast_02_10","Periodic","Other_Expenses_FPA","Top","Top","Aggregated","Franchise_FPA","Top","RBI Organization","FPA_Reporting","Top","Top","Top","Top","624"
"rbi-level","pnl","Franchise AOI","MATCHED","154","Franchise AOI - AOI - Franchise_FPA","RestaurantBrandsIntlMNGT","Budget","Periodic","AOI","Top","Top","Aggregated","Franchise_FPA","Top","RBI Organization","FPA_Reporting","Top","Top","Top","Top","624"
"rbi-level","pnl","Property AOI","MATCHED","154","Property AOI - AOI - Property_FPA","RestaurantBrandsIntlMNGT","Budget","Periodic","AOI","Top","Top","Aggregated","Property_FPA","Top","RBI Organization","FPA_Reporting","Top","Top","Top","Top","624"
"rbi-level","pnl","Ad Fund AOI","MATCHED","154","Ad Fund AOI - AOI - LOB_MAA_FPA","RestaurantBrandsIntlMNGT","Fcst_0210_Planrate","Periodic","AOI","Top","Top","Aggregated","LOB_MAA_FPA","Top","RBI Organization","FPA_Reporting","Top","Top","Top","Top","624"
"rbi-level","pnl","Company AOI","MATCHED","154","Company AOI - AOI - Company","RestaurantBrandsIntlMNGT","Act_PY_Planrate","Periodic","AOI","Top","Top","Aggregated","Company","Top","RBI Organization","FPA_Reporting","Top","Top","Top","Top","624"
"rbi-level","pnl","Tech Fund AOI","MATCHED","59","Total Sales - TotalSales","RestaurantBrandsIntlMNGT","Act_PY1_PreviewRate","YTD","TotalSales","Top","Top","Aggregated","Top","Top","RBI Organization","FPA_Reporting","Top","Top","Top","Top","624"
"rbi-level","pnl","Equipment AOI","MATCHED","154","Equipment AOI - AOI - EquipmentLOB_FPA","RestaurantBrandsIntlMNGT","Act_Planrate","Periodic","AOI","Top","Top","Aggregated","EquipmentLOB_FPA","Top","RBI Organization","FPA_Reporting","Top","Top","Top","Top","624"
"rbi-level","pnl","VIE AOI","MATCHED","154","VIE AOI - AOI - VIE","RestaurantBrandsIntlMNGT","Actual","Periodic","AOI","Top","Top","Aggregated","VIE","Top","RBI Organization","FPA_Reporting","Top","Top","Top","Top","624"
"rbi-level","pnl","CPG AOI","MATCHED","154","CPG AOI - AOI - RetailLOB_FPA","RestaurantBrandsIntlMNGT","Actual","YTD","AOI","Top","Top","Aggregated","RetailLOB_FPA","Top","RBI Organization","FPA_Reporting","Top","Top","Top","Top","624"
"rbi-level","pnl","Supply Chain AOI","MATCHED","154","Supply Chain AOI - AOI - LOB_SupplyChain","RestaurantBrandsIntlMNGT","Act_PY1_Actrate","Periodic","AOI","Top","Top","Aggregated","LOB_SupplyChain","Top","RBI Organization","FPA_Reporting","Top","Top","Top","Top","624"
"rbi-level","pnl","Services AOI","MATCHED","154","Services AOI - AOI - LOB_Services_FPA","RestaurantBrandsIntlMNGT","Forecast_02_10","YTD","AOI","Top","Top","Aggregated","LOB_Services_FPA","Top","RBI Organization","FPA_Reporting","Top","Top","Top","Top","624"
"rbi-level","pnl","Segment G&A","MATCHED","59","Total Sales - TotalSales","RestaurantBrandsIntlMNGT","Act_PY1_PreviewRate","YTD","TotalSales","Top","Top","Aggregated","Top","Top","RBI Organization","FPA_Reporting","Top","Top","Top","Top","624"
"rbi-level","pnl","FFS AOI","MATCHED","59","Total Sales - TotalSales","RestaurantBrandsIntlMNGT","Act_PY1_PreviewRate","YTD","TotalSales","Top","Top","Aggregated","Top","Top","RBI Organization","FPA_Reporting","Top","Top","Top","Top","624"
"rbi-level","pnl","WhopperCo","MATCHED","59","Total Sales - TotalSales","RestaurantBrandsIntlMNGT","Act_PY1_PreviewRate","YTD","TotalSales","Top","Top","Aggregated","Top","Top","RBI Organization","FPA_Reporting","Top","Top","Top","Top","624"
"rbi-level","pnl","PLK CN","MATCHED","59","Total Sales - TotalSales","RestaurantBrandsIntlMNGT","Act_PY1_PreviewRate","YTD","TotalSales","Top","Top","Aggregated","Top","Top","RBI Organization","FPA_Reporting","Top","Top","Top","Top","624"
"rbi-level","pnl","FHS BR","MATCHED","59","Total Sales - TotalSales","RestaurantBrandsIntlMNGT","Act_PY1_PreviewRate","YTD","TotalSales","Top","Top","Aggregated","Top","Top","RBI Organization","FPA_Reporting","Top","Top","Top","Top","624"
"rbi-level","pnl","RBI","MATCHED","109","RBI - TotalSales","RestaurantBrandsIntlMNGT","Budget","YTD","TotalSales","Top","Top","Aggregated","Top","Top","RBI Organization","FPA_Reporting","Top","Top","Top","Top","684"
